{"_wandb":{"runtime":4389},"_runtime":4389,"_timestamp":1.7675677257998295e+09,"_step":150,"train_loss":0.24939884441019894,"val_loss":0.0968237320321262,"test_loss":0.273156932011417}