{"train_loss":0.08800652313923019,"_timestamp":1.7664638459966846e+09,"val_loss":0.9456271697490742,"test_loss":0.1317691959705748,"_runtime":2190,"_wandb":{"runtime":2190},"_step":150}