{"_wandb":{"runtime":199},"_runtime":199,"_step":199,"train_loss":0.05966197738132225,"_timestamp":1.7661624957721448e+09,"val_loss":0.18958581413993827}