{"test_loss":0.030159343390240956,"_wandb":{"runtime":7611},"_runtime":7611,"train_loss":0.017924216605189634,"_timestamp":1.7663682734019494e+09,"_step":300,"val_loss":0.030574945647062104}