{"_wandb":{"runtime":5560},"_runtime":5560,"_step":150,"train_loss":0.03162758417961355,"_timestamp":1.7663861550088096e+09,"val_loss":1.0865940224941533,"test_loss":0.018477255121124157}