{"_wandb":{"runtime":5605},"_runtime":5605,"train_loss":0.059591133677381336,"_timestamp":1.7664230633641405e+09,"_step":150,"val_loss":0.7986813935633479,"test_loss":0.16120335505756803}