{"_runtime":2307,"train_loss":0.2775112907914357,"_timestamp":1.7675597406457965e+09,"_step":149,"val_loss":0.16988869911092516,"_wandb":{"runtime":2307}}