{
    "splits": {
        "train_size": [
            431,
            431,
            431,
            431,
            431
        ],
        "test_size": [
            4359,
            4359,
            4359,
            4359,
            4359
        ]
    },
    "test": {
        "MSE": [
            0.022804211097642288,
            0.02277703864571409,
            0.02263449304236744,
            0.022300414050563964,
            0.022156330846597006
        ],
        "MAE": [
            0.11932466289150874,
            0.11948348548451183,
            0.11913015790962624,
            0.11805942272836786,
            0.11814914628824648
        ],
        "R": [
            0.06740589170714852,
            -0.042418531524055135,
            -0.004921652317254747,
            0.050488622644826335,
            0.02245200493121481
        ],
        "p": [
            8.42417571400631e-06,
            0.0050937502378246196,
            0.7452948552286518,
            0.0008543231501710747,
            0.13831257573562206
        ]
    }
}