{
    "splits": {
        "train_size": [
            431,
            431,
            431,
            431,
            431
        ],
        "test_size": [
            4362,
            4362,
            4362,
            4362,
            4362
        ]
    },
    "test": {
        "MSE": [
            0.011619961530817988,
            0.011819428944603085,
            0.011788338771020467,
            0.011775213226883519,
            0.011552370419633572
        ],
        "MAE": [
            0.08227791018632359,
            0.08232767762527356,
            0.08213034642976505,
            0.08222355573689968,
            0.08207840763552171
        ],
        "R": [
            0.029655344900899484,
            0.018835469071166087,
            0.01748625618840345,
            0.0054871865039542965,
            0.04286365896889236
        ],
        "p": [
            0.05017493064205757,
            0.21359136150323693,
            0.24823593612241235,
            0.7171259886366498,
            0.004633906026379102
        ]
    }
}