{
    "splits": {
        "train_size": [
            427,
            427,
            427,
            427,
            427
        ],
        "test_size": [
            4319,
            4319,
            4319,
            4319,
            4319
        ]
    },
    "test": {
        "MSE": [
            0.03339963292090127,
            0.0327674871121405,
            0.03296996615781136,
            0.03368081240861568,
            0.03319064810345573
        ],
        "MAE": [
            0.14487671589329965,
            0.14420522571729458,
            0.14431647325872696,
            0.14609261742441768,
            0.14467753577185638
        ],
        "R": [
            0.11252723272639882,
            0.14423768731169734,
            0.14166326627429632,
            0.11803714223442689,
            0.14413226737707535
        ],
        "p": [
            1.2015289401404366e-13,
            1.630211939643037e-21,
            8.399711180325563e-21,
            7.12358185568648e-15,
            1.744446138619168e-21
        ]
    }
}