{
    "splits": {
        "train_size": [
            165,
            165,
            165,
            165,
            165
        ],
        "test_size": [
            1673,
            1673,
            1673,
            1673,
            1673
        ]
    },
    "test": {
        "MSE": [
            0.023365123160092212,
            0.02301267980760066,
            0.02294727014871773,
            0.024250531811597417,
            0.022287217283843853
        ],
        "MAE": [
            0.10978669091930304,
            0.10768981191353917,
            0.10739792355720675,
            0.1094959363293609,
            0.10903047497916919
        ],
        "R": [
            0.005959958343036109,
            -0.007117756293474187,
            0.015465723215007401,
            0.014735894672078854,
            0.03230701814174278
        ],
        "p": [
            0.8075436490909149,
            0.7711133829992003,
            0.5272895178053887,
            0.5469647925875354,
            0.18657166770182634
        ]
    }
}