{
    "splits": {
        "train_size": [
            679,
            679,
            679,
            679,
            679
        ],
        "test_size": [
            4172,
            4172,
            4172,
            4172,
            4172
        ]
    },
    "test": {
        "MSE": [
            0.006784858509592463,
            0.0066937777703268446,
            0.0068237456944977406,
            0.006912642473612896,
            0.006535581322903982
        ],
        "MAE": [
            0.05919626171286857,
            0.05915214897241938,
            0.05939985932718055,
            0.06010353802717636,
            0.058870773218155314
        ],
        "R": [
            0.032774566864809396,
            0.03155910616847622,
            0.04735881934113443,
            0.028857657588259533,
            0.04811142945715901
        ],
        "p": [
            0.034270284583300906,
            0.041516766854366144,
            0.002215183694846962,
            0.06235328737485207,
            0.00188080898701326
        ]
    }
}