{"_step":150,"train_loss":0.05129637112871119,"_timestamp":1.7664365338968303e+09,"val_loss":1.3353412810560363,"test_loss":0.042694908387918645,"_wandb":{"runtime":5593},"_runtime":5593}