{"val_loss":2.2650229194863654,"test_loss":0.07774775058784275,"_wandb":{"runtime":7605},"_runtime":7605,"train_loss":0.04007860739769499,"_timestamp":1.7663767295004559e+09,"_step":300}