{
    "splits": {
        "train_size": [
            2420,
            2420,
            2420,
            2420,
            2420
        ],
        "test_size": [
            2420,
            2420,
            2420,
            2420,
            2420
        ],
        "train_labels": {
            "0": [
                1663,
                1663,
                1663,
                1663,
                1663
            ],
            "1": [
                757,
                757,
                757,
                757,
                757
            ]
        },
        "test_labels": {
            "0": [
                1663,
                1663,
                1663,
                1663,
                1663
            ],
            "1": [
                757,
                757,
                757,
                757,
                757
            ]
        }
    },
    "train": {
        "ACC": [
            0.6859504132231405,
            0.6859504132231405,
            0.6859504132231405,
            0.6859504132231405,
            0.6859504132231405,
            0.6859504132231405,
            0.6859504132231405,
            0.6859504132231405,
            0.6859504132231405,
            0.6859504132231405,
            0.6859504132231405,
            0.6859504132231405,
            0.6859504132231405,
            0.6859504132231405,
            0.6859504132231405,
            0.6859504132231405,
            0.6859504132231405,
            0.6859504132231405,
            0.6859504132231405,
            0.6859504132231405,
            0.6859504132231405,
            0.6859504132231405,
            0.6859504132231405,
            0.6859504132231405,
            0.6864669421487604,
            0.6875,
            0.6869834710743802,
            0.6864669421487604,
            0.6875,
            0.6880165289256198,
            0.6875,
            0.6885330578512396,
            0.6880165289256198,
            0.6885330578512396,
            0.6885330578512396,
            0.6900826446280992,
            0.6921487603305785,
            0.6911157024793388,
            0.6916322314049587,
            0.6926652892561983,
            0.690599173553719,
            0.6911157024793388,
            0.6926652892561983,
            0.6921487603305785,
            0.6916322314049587,
            0.6916322314049587,
            0.6900826446280992,
            0.690599173553719,
            0.6900826446280992,
            0.6911157024793388,
            0.690599173553719,
            0.6900826446280992,
            0.6890495867768595,
            0.690599173553719,
            0.6895661157024794,
            0.690599173553719,
            0.6916322314049587,
            0.6916322314049587,
            0.6921487603305785,
            0.6916322314049587,
            0.6926652892561983,
            0.6931818181818182,
            0.693698347107438,
            0.6942148760330579,
            0.693698347107438,
            0.6947314049586777,
            0.6942148760330579,
            0.6973140495867769,
            0.6962809917355371,
            0.6978305785123967,
            0.6973140495867769,
            0.6983471074380165,
            0.6983471074380165,
            0.6983471074380165,
            0.699896694214876,
            0.6993801652892562,
            0.7004132231404959,
            0.7009297520661157,
            0.7004132231404959,
            0.7004132231404959,
            0.7009297520661157,
            0.702995867768595,
            0.7024793388429752,
            0.7035123966942148,
            0.7014462809917356,
            0.7014462809917356,
            0.702995867768595,
            0.7045454545454546,
            0.7050619834710744,
            0.7071280991735537,
            0.7050619834710744,
            0.7076446280991735,
            0.7066115702479339,
            0.7076446280991735,
            0.7086776859504132,
            0.7076446280991735,
            0.7076446280991735,
            0.7091942148760331,
            0.7086776859504132,
            0.7097107438016529
        ],
        "bACC": [
            0.5,
            0.5,
            0.5,
            0.5,
            0.5,
            0.5,
            0.5,
            0.5,
            0.5,
            0.5,
            0.5,
            0.5,
            0.5,
            0.5,
            0.5,
            0.5,
            0.5,
            0.5,
            0.5,
            0.5,
            0.5,
            0.5,
            0.5,
            0.5,
            0.5008223684210527,
            0.5029129676601142,
            0.5025364616360177,
            0.5021599556119214,
            0.5038046924540266,
            0.5046270608750792,
            0.5046964172479391,
            0.5072328788839569,
            0.5073022352568167,
            0.5081246036778694,
            0.5081246036778694,
            0.511929296131896,
            0.5156646322130628,
            0.5153574825618262,
            0.5170715757767914,
            0.5160411382371591,
            0.5154268389346861,
            0.5162492073557388,
            0.5191621750158529,
            0.5192315313887128,
            0.5179633005707038,
            0.5184091629676602,
            0.5177255072923272,
            0.5176561509194674,
            0.5177255072923272,
            0.5180326569435637,
            0.5189937381103361,
            0.5186172320862397,
            0.5178642200380469,
            0.5198854629042485,
            0.5186865884590995,
            0.5198854629042485,
            0.52197606214331,
            0.52197606214331,
            0.5223525681674065,
            0.52197606214331,
            0.5236207989854154,
            0.5248890298034242,
            0.5261572606214331,
            0.527425491439442,
            0.5261572606214331,
            0.5273561350665822,
            0.5283172162333545,
            0.5359266011414077,
            0.5320525523145212,
            0.5354113823715916,
            0.5336972891566265,
            0.5366796131896004,
            0.5344503012048193,
            0.5353420259987318,
            0.5409301680405834,
            0.5365409004438808,
            0.5377397748890298,
            0.5394538681039949,
            0.5390773620798985,
            0.5377397748890298,
            0.5385621433100825,
            0.5463102409638554,
            0.542366835764109,
            0.5453491597970831,
            0.542951410906785,
            0.5442889980976537,
            0.5436350665821179,
            0.5474397590361446,
            0.5504914394419784,
            0.5493222891566265,
            0.5509373018389347,
            0.5554950063411541,
            0.5547419942929613,
            0.5563867311350665,
            0.5566938807863031,
            0.5590619055168041,
            0.5559408687381103,
            0.5597455611921369,
            0.5602607799619531,
            0.5578927552314521
        ],