{
    "splits": {
        "train_size": [
            1930,
            1873,
            1956,
            1909,
            2012
        ],
        "test_size": [
            490,
            547,
            464,
            511,
            408
        ],
        "train_labels": {
            "0": [
                637,
                604,
                1347,
                566,
                484
            ],
            "1": [
                1293,
                1269,
                609,
                1343,
                1528
            ]
        },
        "test_labels": {
            "0": [
                402,
                426,
                116,
                352,
                241
            ],
            "1": [
                88,
                121,
                348,
                159,
                167
            ]
        }
    },
    "train": {
        "ACC": [],
        "bACC": [],
        "F1": [],
        "AUC": []
    },
    "test": {
        "ACC": [
            0.8326530612244898,
            0.7787934186471663,
            0.7435344827586207,
            0.6986301369863014,
            0.4411764705882353
        ],
        "bACC": [
            0.5429669832654908,
            0.5414193147867924,
            0.5043103448275862,
            0.5226200686106347,
            0.5251323079981116
        ],
        "F1": [
            0.16326530612244897,
            0.18791946308724833,
            0.048,
            0.10465116279069768,
            0.11627906976744186
        ],
        "AUC": [
            0.5429669832654908,
            0.5414193147867924,
            0.5043103448275863,
            0.5226200686106346,
            0.5251323079981116
        ]
    }
}