{
    "splits": {
        "train_size": [
            1930,
            1873,
            1956,
            1909,
            2012
        ],
        "test_size": [
            490,
            547,
            464,
            511,
            408
        ],
        "train_labels": {
            "0": [
                1277,
                1380,
                1233,
                1322,
                1308
            ],
            "1": [
                653,
                493,
                723,
                587,
                704
            ]
        },
        "test_labels": {
            "0": [
                353,
                250,
                397,
                308,
                322
            ],
            "1": [
                137,
                297,
                67,
                203,
                86
            ]
        }
    },
    "train": {
        "ACC": [],
        "bACC": [],
        "F1": [],
        "AUC": []
    },
    "test": {
        "ACC": [
            0.7204081632653061,
            0.4570383912248629,
            0.8556034482758621,
            0.6027397260273972,
            0.7892156862745098
        ],
        "bACC": [
            0.5,
            0.5,
            0.5,
            0.5,
            0.5042611584573162
        ],
        "F1": [
            0.0,
            0.0,
            0.0,
            0.0,
            0.022727272727272728
        ],
        "AUC": [
            0.5,
            0.5,
            0.5,
            0.5,
            0.5042611584573162
        ]
    }
}