{
    "splits": {
        "train_size": [
            1930,
            1873,
            1956,
            1909,
            2012
        ],
        "test_size": [
            490,
            547,
            464,
            511,
            408
        ],
        "train_labels": {
            "0": [
                1397,
                1384,
                538,
                1347,
                1450
            ],
            "1": [
                533,
                489,
                1418,
                562,
                562
            ]
        },
        "test_labels": {
            "0": [
                138,
                365,
                331,
                109,
                299
            ],
            "1": [
                352,
                182,
                133,
                402,
                109
            ]
        }
    },
    "train": {
        "ACC": [],
        "bACC": [],
        "F1": [],
        "AUC": []
    },
    "test": {
        "ACC": [
            0.7183673469387755,
            0.6672760511882998,
            0.7133620689655172,
            0.786692759295499,
            0.7328431372549019
        ],
        "bACC": [
            0.5,
            0.5,
            0.5,
            0.5,
            0.5
        ],
        "F1": [
            0.0,
            0.0,
            0.0,
            0.0,
            0.0
        ],
        "AUC": [
            0.5,
            0.5,
            0.5,
            0.5,
            0.5
        ]
    }
}