{
    "splits": {
        "train_size": [
            1930,
            1873,
            1956,
            1909,
            2012
        ],
        "test_size": [
            490,
            547,
            464,
            511,
            408
        ],
        "train_labels": {
            "0": [
                1335,
                1282,
                592,
                1276,
                1395
            ],
            "1": [
                595,
                591,
                1364,
                633,
                617
            ]
        },
        "test_labels": {
            "0": [
                162,
                381,
                299,
                124,
                268
            ],
            "1": [
                328,
                166,
                165,
                387,
                140
            ]
        }
    },
    "train": {
        "ACC": [],
        "bACC": [],
        "F1": [],
        "AUC": []
    },
    "test": {
        "ACC": [
            0.6693877551020408,
            0.696526508226691,
            0.6443965517241379,
            0.7573385518590998,
            0.6568627450980392
        ],
        "bACC": [
            0.5,
            0.5,
            0.5,
            0.5,
            0.5
        ],
        "F1": [
            0.0,
            0.0,
            0.0,
            0.0,
            0.0
        ],
        "AUC": [
            0.5,
            0.5,
            0.5,
            0.5,
            0.5
        ]
    }
}