{"_wandb":{"runtime":2138},"_runtime":2138,"_step":150,"train_loss":0.09433423090719194,"_timestamp":1.7664741065375535e+09,"val_loss":0.42890788184614476,"test_loss":0.12026858400241541}